text,label,notes
"People saying Jokic has declined aren't watching closely. His assists per game are up while his usage dropped two points, so he's generating more offense on lower volume. The team's half-court points-per-possession is top five with him on and bottom ten when he sits — that's a roster problem, not a Jokic problem.",analysis,
"The reason Boston torched the Knicks is the switch-everything scheme. Put a center on Tatum at the arc and you've got a guard on Porzingis in the post; you lose both matchups at once. They stopped switching late and the deficit shrank from 18 to 6 — the scheme isn't broken, the personnel can't execute it against that length.",analysis,
"Look at SGA's shot profile before calling him a midrange chucker. Over half his attempts come at the rim or the line, and he's shooting 90 percent from the stripe on ten free throws a game. The midrange is a counter, not the foundation — that's why his true shooting sits above 63 percent despite low three-point volume.",analysis,
"The Wolves defense falls apart in the half court when Gobert is dropped into deep coverage against pull-up shooters. Teams are hunting him in pick-and-roll and shooting 41 percent on those above-the-break threes. The fix is having him show higher, but then you lose his rim protection — it's a genuine scheme tradeoff, not effort.",analysis,
"Comparing this Celtics team to the 2008 group misses how much the league changed. They take 42 threes a game versus that team's 18, and their spacing forces closeouts the old roster never generated. Different eras reward different builds; the volume shooting is a feature of the rules, not a gimmick.",analysis,
"Embiid's foul-drawing isn't luck, it's technique. He initiates contact on the gather and gets into defenders' chests before the shot, which is why his free-throw rate is among the highest for any center in the last decade. Refs can call it tighter, but the method is repeatable and it's a real skill.",analysis,
"The Thunder's defense is elite because of their point-of-attack pressure, not size. They force the third-most turnovers in the league and convert them into the most transition points, so the offense feeds off the defense. Strip out the steals and their half-court rating is just average — the turnovers are the engine.",analysis,
"Curry's gravity is measurable. When he's off the ball running around screens, his teammates shoot a noticeably higher percentage on open looks because two defenders chase him. The lineup data shows the offense drops over ten points per 100 when he sits — that's not narrative, that's the on-off.",analysis,
"Calling Ja a volume scorer ignores his rim pressure. He draws help on nearly every drive, and the corner three rate for the team spikes when he's the ball handler because defenses collapse. His assist numbers undersell the gravity because a lot of his passes are the hockey assist that doesn't show up.",analysis,
"The Lakers' problem is bench scoring, not the stars. Their starting five has a positive net rating, but the second unit gets outscored by double digits per 100 possessions. Fix the non-LeBron minutes and you fix the team — the top end is fine, the depth is the leak.",analysis,
"Wembanyama changes shots without blocking them. Opponents are shooting noticeably worse at the rim when he's the primary defender even on attempts he doesn't contest cleanly, because guys alter their release. The block totals get the headlines but the deterrence is the bigger defensive value.",analysis,
"Tatum's playoff dip is real but overstated. His efficiency drops because defenses load up and force him into tougher pull-ups, but his playmaking actually improves — his assist rate climbs in the postseason. He's adjusting to coverage, not shrinking; the volume scoring just gets harder when the game slows down.",analysis,
"The Pacers run the fastest pace in the league and it inflates their counting stats. Per possession they're a middling offense, but the sheer number of possessions makes the per-game points look elite. Adjust for pace and the efficiency tells a more modest story — it's a tempo effect.",analysis,
Defensive rating is a team stat masquerading as individual. A guy on a great defense looks elite even if he's a turnstile because his teammates clean up. Look at matchup data and contested shot percentages instead — that's how you separate the actual stopper from someone benefiting from scheme.,analysis,
"Giannis struggles against a packed paint because he doesn't punish it from outside. Teams build a wall and dare him to shoot, and his three-point rate stays low so the math works for them. Until that jumper becomes a real threat, the playoff defenses that can wall up will keep slowing him down.",analysis,
"The Nuggets' bench is the actual weakness, not their lack of a second star. Their starting unit posts one of the best net ratings in the league, but the non-Jokic minutes bleed points. They don't need a co-star, they need three rotation pieces who can hold a lead.",analysis,
Three-point variance decides more playoff games than people admit. A team can run the same quality of looks and lose because they shoot 28 percent on open threes one night and 40 the next. That's why single-game results are noisy — the process can be identical and the outcome flips on shooting luck.,analysis,
"Westbrook's fit issues come down to spacing. When he shares the floor with another non-shooter, defenses sag off both and clog the lane, which kills the drive-and-kick. Put him next to four shooters and his numbers jump — it's not effort, it's the geometry of the floor.",analysis,
Rebounding rate matters more than rebounds. A guy can average 12 boards on a team that misses a ton of shots and just be collecting volume. Look at the percentage of available rebounds he grabs while on the floor — that controls for opportunity and shows who's actually dominating the glass.,analysis,
"The Heat's zone works because of their length and discipline, not gimmickry. They funnel everything to the baseline and recover with their wingspan, which is why opponents settle for contested mid-range looks. Teams that beat it move the ball to the short corner fast, but most don't have the personnel to do it.",analysis,
"Clutch stats are a small-sample trap. We're talking about a few dozen possessions a season, so a couple of makes or misses swing the whole narrative. A guy labeled unclutch often has nearly identical shot quality late — the difference is variance, not some mental flaw.",analysis,
"Defense travels in the playoffs more than offense because shooting variance hurts offense in tight games. The teams that win in May are usually top-five defenses, not just top-five offenses, because a stop is more reliable than a make when the pressure's on. It's why I weight the defensive metrics higher this time of year.",analysis,
"Paul George's drop in the playoffs tracks with usage, not toughness. His role shifts from primary to secondary against better defenses, and his touches come later in the clock against set defense. The shot difficulty spikes — it's a context change, not a character flaw.",analysis,
"Spacing is why this Mavericks offense hums. Putting Doncic and Irving with three shooters means any help leaves an open three, so the math punishes defenses for collapsing. Their open-three rate is among the highest in the league because the two creators force constant rotation.",analysis,
"Load management has actual on-court evidence behind it. Players' shooting efficiency and defensive activity measurably decline on the second night of back-to-backs, especially over 30. Resting isn't laziness — there's a real performance cliff the data shows when legs are gone.",analysis,
The Cavs are better with Mobley at the five than Allen because of spacing and switchability. Their defense barely dips and the offense opens up because Mobley can handle and pass from the elbow. The lineup data is clear — the small-ball look has a better net rating than the double-big.,analysis,
"Free-throw rate is a leading indicator of playoff scoring. Guys who get to the line generate points even when their jumper isn't falling, which is why high free-throw-rate scorers are more reliable in the postseason. Settling for jumpers is how good regular-season offenses go cold in May.",analysis,
Booker's playmaking leap is underrated because the assists don't capture it. He's making the read a beat earlier and creating advantages that lead to the pass before the assist. Watch the film and the offense flows through his decisions even when the box score credits someone else.,analysis,
"Transition defense is the Lakers' hidden problem. They're slow to get back after misses, and opponents are scoring an outsized share against them before the defense is set. Fix the cross-match scramble and the half-court numbers are actually fine — it's the early offense killing them.",analysis,
"Pull-up three efficiency separates the elite guards. Anyone can hit a catch-and-shoot, but creating and making a pull-up off the dribble is what bends a defense. The guys with high-volume, high-efficiency pull-ups are the ones defenses have to top-lock, and that opens everything else.",analysis,
"The Timberwolves win the regular season with size but it becomes a liability against shooting. Two bigs means one is often guarding space in the half court, and quick teams pull them out and attack the closeout. It's why the regular-season juggernaut look can stall against the right matchup.",analysis,
"Steals are a double-edged stat. High-steal guys gamble and give up easy looks when they miss, so a defender with fewer steals can be a better team defender by staying disciplined. Look at the opponent points off those gambles before crowning someone a lockdown perimeter guy.",analysis,
"Doncic's defense is a scheme problem the Mavs solve by hiding him. They put him on the weakest offensive player and let their rim protection cover for the gambles. It's a real weakness, but the data shows the team mitigates it well enough that it isn't the swing factor people claim.",analysis,
"The midrange isn't dead, it's situational. Late clock and against a set defense, a good midrange shooter is a higher-percentage play than a contested three. The analytics crowd oversold the corner three — elite offenses still need a reliable two-point counter when the math breaks down.",analysis,
"Offensive rebounding is making a comeback because the math changed. With everyone shooting threes, the long rebounds create more put-back and kick-out chances, so crashing the glass is worth the transition risk again. The teams leaning into it are generating extra possessions that show up in the efficiency numbers.",analysis,
"Kawhi's regular-season rest is justified by his playoff output. His efficiency and defensive impact in the postseason are well above his regular-season baseline, which suggests the load management preserves the version that matters. The playoff on-off is the argument, not the regular-season optics.",analysis,
"The Knicks' offense is better in the half court than people think — they just play slow. Per possession they're efficient, but the deliberate pace caps the point totals so it looks worse than it is. They generate good looks; they simply take fewer possessions to do it.",analysis,
Anthony Edwards' scoring efficiency jumps when he attacks the rim instead of settling. On nights he gets ten-plus drives his true shooting is well above his pull-up-heavy games. The talent is obvious; the shot selection is the variable that decides whether he's elite or just good that night.,analysis,
"Help defense rotations are why the Celtics' defense holds up despite average individual stoppers. They're always in the right spot a beat early, so the closeouts are short and the rim is protected by scheme, not just talent. The team rating is real even if no single defender screams elite.",analysis,
"Pace-adjusted, the Hawks are a below-average defense even though the raw numbers look passable. They run, which inflates everyone's counting stats on both ends, but per possession they give up too many open looks at the rim. Tempo is hiding the structural problems on that side of the ball.",analysis,
Three-and-D wings are valuable precisely because they don't need the ball. They raise the floor of any lineup by spacing for the stars and guarding the other team's best perimeter player. The plus-minus on those guys is consistently positive even with modest box scores because they fill the gaps stars can't.,analysis,
"Durant's efficiency at his height is historically rare and the shot profile explains it. He takes and makes contested mid-range looks that are bad shots for almost anyone else, so the usual efficiency rules don't apply to him. The film shows why the numbers stay elite on shots that would tank others.",analysis,
"The Pacers' offense is built on early advantage. They push tempo to attack before the defense is set, which is why their efficiency craters in the half court against good defenses in the playoffs. The regular-season rating is real but it's pace-and-transition driven, and that's the part that dries up in May.",analysis,
"Rim protection is more about positioning than blocks. The best anchors funnel drives into help and contest verticality without fouling, so the opponent's rim percentage drops even on uncontested-looking attempts. Counting blocks misses the guys who deter the shot from ever being taken.",analysis,
"Bench net rating is the Suns' real issue. The starters are fine, but the non-star minutes get torched, and you can see the leads evaporate the moment a star checks out. It's a roster-construction problem — too much salary up top, not enough on the second unit.",analysis,
"Doncic's step-back three is efficient because of the separation, not just touch. He creates so much space that the contest is weak even when a defender is technically there, which is why his pull-up percentage holds up at high volume. Most guys can't generate that gap, so the shot is a worse play for them.",analysis,
"Defensive versatility is why switch-heavy teams thrive against star-driven offenses. If you can switch one-through-four without a mismatch, you take away the easy advantage the stars rely on. The Celtics' personnel is built for exactly that, which is why their playoff defense holds against iso teams.",analysis,
"The Grizzlies' offense without Ja is a half-court grind because they lose their advantage creator. Their rim rate and transition points both fall, and they settle for tougher looks against set defenses. The drop isn't effort — it's the loss of the one guy who reliably collapses a defense off the dribble.",analysis,
"True shooting is the cleanest scoring efficiency stat because it folds in threes and free throws. Field-goal percentage misses huge chunks of scoring value. When you compare scorers, TS at volume is the number that actually tells you who's putting the ball in efficiently.",analysis,
"Closeout speed decides a lot of three-point defense. Teams that rotate a beat slow give up the open looks that swing games, and you can see it in the opponent's open-three rate. It's a coachable, repeatable thing — the good defenses just close out shorter and harder than the bad ones.",analysis,
"Embiid's rim protection drops when he's pulled away from the basket on the perimeter, and smart offenses target that. They run him out in pick-and-roll and attack the vacated paint, which is why his on-court defensive numbers look worse against pace-and-space teams. It's a scheme stress, not a decline.",analysis,
"The Kings' offense lives on Sabonis as a hub. His handoffs and short-roll passing generate advantages that the shooters convert, and the team's efficiency cratered in the stretches he sat. The assist totals undersell how much of the offense routes through his decision-making at the elbow.",analysis,
"Playoff rotations shrink and that changes everything for bench-heavy teams. The depth that wins regular-season games matters less when coaches play eight guys, so the top-end talent gets weighted more. It's why some deep regular-season teams fade — their edge was the ninth and tenth man.",analysis,
"Banchero's efficiency rises sharply when he gets downhill instead of settling for tough jumpers. On his high-drive nights the true shooting is well above his jumper-heavy games, same as a lot of young scorers. The talent's there; the shot diet is the swing variable game to game.",analysis,
"Spacing math is why a non-shooting center can cap an offense. If the defense can ignore him at the dunker spot, they pack the paint and the drive-and-kick dies. The lineup data shows the offense jumping when a stretch big replaces him, even if the defense gives a little back.",analysis,
"Haliburton's value is in the pass before the assist. He hits the roller in stride or skips it to the weak-side corner, creating the advantage that leads to the open look. The assist numbers are gaudy but they still undersell how much the offense flows through his early reads.",analysis,
"The Bucks' drop coverage gets punished by elite pull-up shooters, and the playoff data shows it. Teams that have a guard who can rise into the space Lopez concedes shoot well above league average on those looks. It's the one scheme vulnerability good offenses exploit when the games slow down.",analysis,
"Mitchell's playoff scoring holds because he gets to the line. When the jumper cools, he still generates points by drawing fouls, which is why his postseason efficiency doesn't crater like pure jump-shooters. Free-throw rate is the floor that keeps high-volume scorers reliable in May.",analysis,
"Pace inflates Atlanta's offensive numbers and deflates their defensive ones simultaneously. They play fast on both ends, so per game everything looks busier than the per-possession reality. Tempo-adjusted, they're an average offense and a poor defense — the speed just hides where they actually stand.",analysis,
"Off-ball gravity is why putting two creators together can backfire if neither shoots off the catch. They take turns standing in the corner where the defense can sag, which kills the spacing the other one needs. Fit is about complementary skills, not just stacking shot creation.",analysis,
"The Magic win with defense and length but their half-court offense is the ceiling-capper. They generate stops and run, but against a set defense their lack of shooting shows and the efficiency drops. Add one more reliable floor-spacer and the offense catches up to the defense.",analysis,
"Containment at the point of attack is what makes the Thunder's defense elite, because it prevents the rotations that break a defense down. If the ball-handler can't turn the corner, the help never has to commit and the open threes never materialize. It starts on the ball, not at the rim.",analysis,
"Lillard's pull-up range warps defenses because they have to pick him up near halfcourt. That extra thirty feet of attention opens driving lanes for everyone else, which is why the team's spacing improves with him on. The deep threes aren't hero ball — they're a gravity tool that bends the whole defense back.",analysis,
"Offensive rebounding percentage, not total boards, is how you measure a team's second-chance game. A team that misses a lot will rack up offensive boards by volume while actually being mediocre on the glass. Rate stats control for the misses and show who's genuinely winning the extra possessions.",analysis,
Defensive matchup data shows Brown guards up more than the reputation suggests. He takes the tougher perimeter assignment most nights and holds his man below their season average. The all-defense voting lags the film — he's been a primary stopper for a while now.,analysis,
"I'm so tired of the 'he can't shoot' takes — he's at 38 percent from three this month on real volume, go look it up before talking. The sample is big enough now that it's not a fluke, and defenses are already starting to close out harder on him.",analysis,"Borderline analysis/reaction: irritated, venting tone, but it cites a specific, checkable stat (38% on real volume) to support a claim. Strip the irritation and a genuine evidence-based point remains -> analysis."
"Wembanyama is already a top-five player in the league. I don't care about the record, watch him for ten minutes and tell me four guys you'd take over him.",hot_take,
"Trae Young is the most overrated player of the last decade. Pads stats on a bad team and vanishes when it matters. He'll never make a conference finals, screenshot it.",hot_take,
The Lakers are frauds and everyone knows it. They'll get bounced in the first round again and people will still act surprised.,hot_take,
"Jokic is the most skilled big ever, it's not even a debate. Anyone who disagrees just hates watching a slow guy dominate their favorite player.",hot_take,
"Tatum is a stat-padder who shrinks in the moment. Best player on a team that wins in spite of him, not because of him.",hot_take,
The MVP race is a joke this year. They're going to give it to the wrong guy again because voters care about narratives over winning.,hot_take,
Booker is washed at this point. He's coasting on reputation and the Suns are going nowhere with him as the centerpiece.,hot_take,
Curry is the most important player in NBA history. Changed the entire sport single-handedly — no one else can say that.,hot_take,
"Embiid will never win anything important. Soft, always hurt when it counts, and that's just who he is at this point.",hot_take,
Ja Morant is a top-three player in the league when healthy and it's not close. People sleep on him because of the off-court stuff.,hot_take,
The Celtics are the most overrated team in the league. All that regular-season noise and they'll choke when it actually matters.,hot_take,
LeBron is the most overrated playoff performer of all time. People forget how many Finals he lost and only remember the rings.,hot_take,
"Giannis is a regular-season monster and a playoff fraud. Wall him off and he has no answer, same story every single year.",hot_take,
Doncic doesn't care about defense and never will. Most talented offensive guy in the league wasting it by jogging back on the other end.,hot_take,
Kawhi is the most overpaid player in the sport. Plays half the games and disappears for months — give me someone who actually shows up.,hot_take,
The Warriors dynasty is dead and the front office is in denial. They're a play-in team pretending they're still contenders.,hot_take,
Anthony Edwards is the next face of the league and everyone over him is just old-head bias. He's already better than half the All-Stars.,hot_take,
"Durant is a system scorer who needed to join a 73-win team to win anything. Greatest individual scorer maybe, but stop the GOAT talk.",hot_take,
"The Heat are the most overachieving fraud in the league every single year. Culture this, culture that — they have no real talent.",hot_take,
"Westbrook is the most overrated player of his generation. A triple-double machine who actively made teams worse, the numbers are a lie.",hot_take,
Zion is a bust and people refuse to admit it. All that hype and he can't stay on the floor — careers don't restart at this point.,hot_take,
The Nuggets only win because of one player and that's not a real team. Take Jokic off and they're lottery-bound overnight.,hot_take,
Tyrese Maxey is already a top-ten guard and it's not particularly close. People will catch up to this in about a year.,hot_take,
Russell Westbrook in his prime would dominate this soft era. These guys couldn't handle the physicality he played through.,hot_take,
"The Knicks are a fraud contender. Tough, gritty, all that — and they'll get exposed the second they face real shot-making.",hot_take,
Paul George is the most overrated two-way player ever. Disappears in big games and the reputation never matches the moments.,hot_take,
Devin Booker is a top-five player in the world. Anyone who says otherwise is just looking at the standings instead of watching games.,hot_take,
"This is the weakest the league has ever been. Half these All-Stars wouldn't crack a rotation in the 2010s, soft product top to bottom.",hot_take,
"Klay is completely finished and the Warriors are too loyal to admit it. Living off 2016, contributing nothing now.",hot_take,
Jrue Holiday is the most overrated defender in the league. Reputation guy — go watch him actually get cooked off the dribble.,hot_take,
Brunson is a regular-season hero who'll never lead a real run. Empty buckets on a team that overachieves its talent every year.,hot_take,
"The Thunder are paper champions waiting to happen. Pretty regular season, no playoff pedigree, and it'll show the moment it gets physical.",hot_take,
"Kyrie is the most skilled guard to ever touch a basketball, period. The handle and finishing are things we've literally never seen.",hot_take,
Bron stat-pads in garbage time to keep the streak alive. The longevity is impressive but half those numbers are empty and everyone knows it.,hot_take,
Joel Embiid is the best player in the world when healthy and it's not debatable. Y'all just want to punish him for getting hurt.,hot_take,
"The Mavericks are a one-man show that'll collapse the second Luka has an off night. No structure, no defense, all hero ball.",hot_take,
"Anthony Davis is the most fragile superstar in league history. Can't trust him for a full series, never could, never will.",hot_take,
"Steph is washed and the Warriors are wasting everyone's time pretending otherwise. Move on, it's over.",hot_take,
Cade Cunningham is already better than most of these All-Star guards and it's criminal he's not getting the respect.,hot_take,
The Bucks are done as contenders and the whole roster needs blowing up. That core's window slammed shut a year ago.,hot_take,
"Jimmy Butler is the most overrated playoff riser in the sport. One good run and people act like he's a top-five guy, give me a break.",hot_take,
Karl-Anthony Towns is the softest seven-footer in the league. All that skill and zero impact when the games actually tighten up.,hot_take,
"Tatum and Brown will never win together, the fit is fundamentally broken. Two of the same player pretending to be a duo.",hot_take,
Pascal Siakam is wildly overrated and that contract is going to age terribly. Good-not-great masquerading as a number two.,hot_take,
"The entire Eastern Conference is a fraud. Whoever comes out is getting swept, the talent gap with the West is a chasm.",hot_take,
Damian Lillard is a regular-season legend and a playoff myth. All those moments and how many real runs has it actually led to?,hot_take,
"Bam Adebayo is the most overrated anchor in the league. No rim protection, can't stretch the floor, and somehow makes All-Defense every year.",hot_take,
De'Aaron Fox is a top-five point guard and people are way too slow on it. The speed alone breaks defenses these slow guards can't touch.,hot_take,
Kevin Durant has never been the best player on a championship team and never will be. Sit down with the GOAT talk.,hot_take,
"Wemby is going to average a 30-20-5 within three years and break every record we have. The ceiling is literally unprecedented, write it down.",hot_take,
"SGA is the MVP and it's not close. 32-6-6 on 53 percent as the engine of the one seed. The numbers don't lie, end of discussion.",hot_take,"Borderline analysis/hot_take (decorative stats): cites real-looking numbers, but as a mic-drop, not an argument. Strip 'it's not close / numbers don't lie' and it's a one-line stat dump -> hot_take per the decorative-stats rule."
"Jokic is washed in the clutch. He's shooting under 40 percent in the last two minutes of close games this year, so spare me the MVP talk.",hot_take,"Borderline (decorative stats): a single cherry-picked clutch split (tiny sample) used to support a sweeping claim. Decorative, not load-bearing -> hot_take."
The refs hand the Lakers every game and the league office wants them in the Finals. It's the worst-kept secret in sports.,hot_take,
"Tatum is a choker, period. He shot like 38 percent in last year's elimination game, that tells you everything you need to know.",hot_take,Borderline (decorative stats): one elimination-game number cited to support a character claim about a whole career. Cherry-picked -> hot_take.
Brunson is a top-three point guard in the league right now and the disrespect is wild. People will pretend they always knew once it's obvious.,hot_take,
"Luka is a defensive disaster, full stop. His team's defensive rating is several points worse with him on the floor, case closed.",hot_take,"Borderline (decorative stats): cites an on-off-ish number but with zero context (lineups, matchups, scheme) and as a conversation-ender -> hot_take."
"The Celtics are going to fold the second they hit real adversity. Soft team, always have been, all that talent and no spine.",hot_take,
Anthony Edwards is already better than prime Dwyane Wade and it's not as crazy as it sounds. The athleticism plus the shooting is a different tier.,hot_take,
"Steph Curry is a top-three player of all time, above Bird, above Magic, above all of them. Changed the sport more than anyone but Jordan.",hot_take,
"Embiid is a regular-season MVP and nothing more. He's averaging like 23 a game in elimination games, that's your superstar.",hot_take,"Borderline (decorative stats): a real-sounding stat deployed as a dunk rather than an argument; small sample, no context -> hot_take."
The Knicks overpaid for a team that maxes out as a second-round exit. Toughness is nice but it doesn't shoot over a set defense.,hot_take,
"Giannis would be a role player in the 90s. They'd put a hand-checker on him and bully him into oblivion, soft-era darling.",hot_take,
"Kyrie is more talented than every guard in the league and the gap is bigger than people pretend. Pure skill, nobody's close.",hot_take,
"Booker is overrated and the proof is simple — his teams underachieve every year with him as the franchise guy. Stars lift teams, he doesn't.",hot_take,"Borderline: gestures at 'evidence' (team results) but it's a vague assertion, not specific verifiable reasoning -> hot_take."
The whole MVP voting process is rigged for big-market narratives. Best player in the league plays in a small market and gets ignored every year.,hot_take,
"There is NO WAY that was a foul. The refs cost us this game, every call in the fourth went their way. This league is rigged, I'm done.",hot_take,"Borderline reaction/hot_take: has the heat of an in-the-moment vent, but the core payload is an assertion about the world ('the league is rigged'). The claim is load-bearing, the emotion is the wrapper -> hot_take."
"WHAT A SHOT. I'm actually shaking. Two guys in his face, down one, 0.4 on the clock — I cannot believe that went in. THIS is why I watch basketball.",reaction,
Been a Grizzlies fan for 15 years and watching Ja go down like that again genuinely made me sick. Just gutted. Don't even have words right now.,reaction,
"WE ARE SO BACK. Down 20 in the third and we just ripped off a 30-8 run, I have never screamed louder in my life.",reaction,
"It's over. It's so over. Blown a 25-point lead at home in an elimination game. I'm going to bed, I can't watch this anymore.",reaction,
"I FORGOT THIS TEAM COULD BE FUN. That was the most alive I've felt watching them in years, what a game.",reaction,
"Just saw the trade notification and I'm in actual shock. Didn't see this coming at all, my whole night is ruined.",reaction,
He just dunked on three people and stared into the camera. I blacked out. The building is shaking through my TV.,reaction,
"I can't believe they traded him. Grew up watching this guy, he was the whole reason I started following this team. Genuinely tearing up.",reaction,
"OH MY GOD HE CALLED GAME. From the logo. With a hand in his face. I am never sleeping again, that was unreal.",reaction,
"Another fourth-quarter collapse, of course. Why do I do this to myself every single year. This team will be the death of me.",reaction,
"That's a championship right there. Twenty years of suffering and we finally did it. I'm sobbing on my couch, I don't even care.",reaction,
He airballed a free throw in crunch time and I felt my soul leave my body. How. HOW.,reaction,
"I haven't been this excited about a draft pick in forever. The pure joy on his face putting on that hat, man, I love this sport.",reaction,
We just got swept and I have nothing left. Whole season for this. I'm so tired of being a fan of this team.,reaction,
"HE'S BACK. First game off the injury and he drops 30 like nothing happened. I missed watching him so much, welcome back.",reaction,
The buzzer-beater got waved off after review and I am inconsolable. I had already started celebrating. This is torture.,reaction,
Watching a 22-year-old put up 50 in a playoff game live is something I'll tell my kids about. Speechless. Absolutely speechless.,reaction,
"Lost on a buzzer-beater after leading the whole game. I can't do this anymore, I'm physically ill. Goodnight everyone.",reaction,
"THE COMEBACK IS ON. Down 18 with six minutes left and the crowd is unglued, I'm standing on my couch screaming.",reaction,
"He went down holding his knee and the whole arena went silent. I feel sick. Please don't let it be serious, please.",reaction,
"I have never high-fived strangers at a sports bar like that in my life. What a finish, I'm still buzzing an hour later.",reaction,
"We traded the pick AND the young guy for a rental. I'm so done with this front office, what are we even doing.",reaction,
"That poster is going on my wall. He jumped over a seven-footer like he wasn't there. I'm losing my mind, replay it again.",reaction,
Eliminated in the play-in. Again. I genuinely don't know why I keep coming back to this heartbreak every spring.,reaction,
"MY GUY MADE THE ALL-STAR TEAM. Been riding for him since he was a nobody, I'm so proud I could cry. Let's gooo.",reaction,
He fouled out with four minutes left in a one-point game and I have never been angrier at a whistle in my life.,reaction,
"Game 7, our building, and we pulled it out. My hands are still shaking, I can't type properly, what a night to be alive.",reaction,
"Down to the last possession, he drives, he misses, and the season's over just like that. I'm numb. Completely numb.",reaction,
"THAT BLOCK. He chased it down from halfcourt and pinned it on the glass, I LEAPT off my couch. Defensive player of the universe.",reaction,
Our best player just requested a trade and I think I need to lie down. The rebuild we just escaped is starting all over again.,reaction,
"First win of the season and you'd think we won a title the way I'm celebrating. It's been a rough stretch, I needed this one bad.",reaction,
He hit six threes in a row and the bench is going insane. I'm going insane. The whole arena is one organism right now.,reaction,
"We blew the 3-1 lead. I will never financially or emotionally recover from this. See you all next season, I'm logging off.",reaction,
"Watching him hoist the trophy after everything he's been through, man. I'm not crying, you're crying. So happy for him.",reaction,
A last-second tip-in to win it and the place ERUPTED. I think my neighbors heard me. Best ending to a game all year.,reaction,
Lost by 40 at home. Forty. I left at halftime and I'm still embarrassed. This is rock bottom for this franchise.,reaction,
"HE'S DOING IT. Triple-double in a Game 7 and the crowd is chanting his name, I have goosebumps everywhere. What a moment.",reaction,
Season-ending injury in a meaningless game in March. I'm heartbroken for him and for us. Just devastating news to wake up to.,reaction,
"We came back from 28 down. TWENTY-EIGHT. I gave up at halftime and now I'm screaming, I take back everything I said.",reaction,
"Traded at the deadline to a rival, of all teams. I feel betrayed even though I know it's a business. Gonna miss him so much.",reaction,
"The rook just dropped 40 in his fifth game and I'm not okay. The future is so bright I need sunglasses, let's GO.",reaction,
Missed two free throws to tie it with three seconds left. I have never felt a stadium go that quiet that fast. Brutal.,reaction,
"WE WON THE LOTTERY. After years of losing on purpose it finally paid off, I'm jumping around my apartment like a maniac.",reaction,
"He went off for 60 and we still lost. I don't even know how to feel right now, what a beautiful, miserable night.",reaction,
The game-winner rattled in and out and I just sat in silence for ten minutes. I think a piece of me died tonight.,reaction,
"Standing ovation for him in his return game and I got chills through the screen. The crowd showing that love, man, I love this city.",reaction,
"Down three with the ball, turnover, ballgame. Of course. OF COURSE. This team finds new ways to break my heart every week.",reaction,
"He just dropped a 50-piece in the playoffs and made it look easy. I'm in awe. We are watching something special live, appreciate it.",reaction,
"Eliminated at the buzzer on our home floor. I can't even be mad, I'm just empty. What a way for the season to end.",reaction,
"THE CROWD STORMED THE COURT. Okay it's college but still, that energy after a buzzer-beater is unmatched, I'm hyped just watching.",reaction,
"He came back from the locker room after the injury scare and the bench LOST it. I teared up a little, not gonna lie. Heart of a lion.",reaction,
"We're starting 0-5 and I already want to fast forward to next year. Same heartbreak, new season. I never learn.",reaction,
"That alley-oop in transition just took ten years off my life. The arena is bouncing, my living room is bouncing, EVERYTHING is bouncing.",reaction,
Lost the game on a questionable call and I'm too tired to even be angry. Just defeated. Going to sleep on this one.,reaction,
"FIRST PLAYOFF SERIES WIN IN A DECADE. I have waited so long for this, I'm hugging my dog and crying. What a feeling.",reaction,
"He limped off and didn't come back and now I can't enjoy the win at all. Please be okay, please. That's all I care about right now.",reaction,
"The bench mob just outscored the other team's starters and the energy is unreal. I love when the role guys eat, this is the best.",reaction,
"We got the one seed and clinched at home and the building is a madhouse. I've never seen this fanbase this loud, goosebumps.",reaction,
"Blew it in overtime after forcing it late. So close. I keep replaying the missed layup in my head, I can't let it go.",reaction,
"He hit the dagger and then shushed the entire away crowd. I screamed. The disrespect, the confidence, I'm OBSESSED with this man.",reaction,
Found out he's out for the season on my lunch break and my whole mood is wrecked. Gonna be a long rest of the year. Gutted.,reaction,
"WE SWEPT THEM. Four and done, our biggest rival, in their building. I am floating right now, this is the best night of the year.",reaction,
"Down two, last shot, brick off the back iron. The silence in here is deafening. I think I need a minute alone with this loss.",reaction,
"His first game back from a year out and he hit the game-winner. You cannot write this stuff. I'm a wreck, most emotional I've been all season.",reaction,
"We're tanking on purpose and it's still painful to watch. Losing for a brighter future is the worst kind of suffering. Hurry up, June.",reaction,
"The whole arena chanted MVP while he shot his free throws and I got chills. Witnessing this in real time is a privilege, what a player.",reaction,
"Triple overtime thriller and we finally closed it out. My heart cannot take games like this. Drained, elated, and never doing that again.",reaction,
He got ejected in the first quarter of a must-win and I threw my remote. Unbelievable. Why tonight of all nights.,reaction,
"We came back to force Game 7 and I have not stopped pacing. I can't sleep, I can't eat, this series is going to be the end of me.",reaction,
"Buzzer-beater to win the series and the bench emptied onto the floor. I am genuinely shaking, what a moment to witness live. WOW.",reaction,
That fourth-quarter collapse was so predictable. Every time they go iso-heavy down the stretch it falls apart and it happened AGAIN tonight. So frustrating.,reaction,"Borderline reaction/analysis: names a pattern (late-game iso) but gives no specifics — no possessions, no numbers, no alternative — and the dominant register is pure frustration. Pattern-language used as a vent intensifier -> reaction."
